﻿<skin name="ckplayer" version="1.0" author="麻麻" email="cenfun@gmail.com" url="http://www.myitv.org/" readme="" mask_color="" show_tips="0.5" context_menu="">

  <console xywh="0, 0R, 100P, 50" src="console.swf" mask="" lock="1" display="1" group="A">
    <bt_play xywh="1, 0R, 50, 30" src="bt_play.png"/>
    <time xywh="60, 9R, 90, 16" align="center" font="Arial" size="12" color="#cccccc" borderColor="" />
    <status xywh="160, 9R, 200, 18" align="left" font="Arial" size="12" color="#ffffff" borderColor="" />
    <bt_mute xywh="69R, 0R, 35, 30" src="bt_mute.png" hover_volume="1" />
    <volume xywh="37R, 18R, 60, 18" track_src="volume_track.png" src="volume.png" rotation="-90" shadow="1,45,#000000,0.5,4,4,1,3" />
    <bt_fullscreen xywh="0R, 0R, 35, 30" src="bt_fullscreen.png" tips="全屏,还原" />
    <progress xywh="16, 40R, 20B, 5" thumb_src="progress_thumb.png" track_src="progress_track.png" thumb_autohide="0" />
  </console>
    <media xywh="0, 50R, 100P, 100P" src="media.swf" mask="" lock="1" display="1" group="A">
    <video xywh="0, 0, 100P, 100P"/>
  </media>
</skin>
