﻿<skin name="Tudou土豆" version="1.0" author="麻麻" email="cenfun@gmail.com" url="http://www.myitv.org/" readme="" mask_color="" show_tips="0.5" context_menu="">

  <console xywh="0, 0R, 100P, 44" src="console.swf" mask="" lock="1" display="1" group="A">
    <bt_play xywh="1, 1R, 50, 25" src="bt_play.png"/>
    <bt_stop xywh="55, 1R, 30, 25" src="bt_stop.png"/>
    <time xywh="90, 6R, 90, 16" align="center" font="Arial" size="12" color="#cccccc" borderColor="" />
    <status xywh="190, 5R, 200, 18" align="left" font="Arial" size="12" color="#ffffff" borderColor="" />
    <bt_mute xywh="69R, 1R, 30, 25" src="bt_mute.png" hover_volume="1" />
    <volume xywh="37R, 20R, 54, 14" thumb_src="" track_src="volume_track.png" src="volume.png" rotation="-90" shadow="1,45,#000000,0.5,4,4,1,3" />
    <bt_list xywh="35R, 1R, 30, 25" src="bt_list.png" tips="关闭列表,打开列表"/>
    <bt_fullscreen xywh="1R, 1R, 30, 25" src="bt_fullscreen.png" tips="全屏,还原" />
    <progress xywh="18, 33R, 18B, 5" thumb_src="progress_thumb.png" track_src="progress_track.png" thumb_autohide="0" />
  </console>
  <list xywh="0R, 44R, 120, 210" src="win.png" mask="" lock="0" display="0" group="">
    <tree xywh="5, 30, 5B, 25B" align="left" font="Arial" size="12" color="#666666, #ffffff"/>
    <bt_close xywh="5R, 5, 19, 19" src="bt_close.png"/>
    <event type="open" target="option" property="display" value="0" />
  </list>
    <media xywh="0, 44R, 100P, 100P" src="media.swf" mask="" lock="1" display="1" group="A">
    <video xywh="0, 0, 100P, 100P"/>
  </media>
</skin>
